epoch,time,train/box_loss,train/cls_loss,train/dfl_loss,metrics/precision(B),metrics/recall(B),metrics/mAP50(B),metrics/mAP50-95(B),val/box_loss,val/cls_loss,val/dfl_loss,lr/pg0,lr/pg1,lr/pg2
1,47.3304,0.01551,5.44399,2.2262,0.00129,0.28571,0.02067,0.01248,0.01262,5.90509,1.7814,8.95e-06,8.95e-06,8.95e-06
2,93.3995,0.01348,5.26114,2.08045,0.00289,0.28571,0.04799,0.03833,0.01198,5.70033,1.77232,1.93001e-05,1.93001e-05,1.93001e-05
3,138.982,0.01267,5.21771,1.89599,0.02098,0.28571,0.05584,0.03858,0.00918,5.21608,1.56997,2.9225e-05,2.9225e-05,2.9225e-05
4,184.431,0.01153,5.18529,1.76873,0.15972,0.33333,0.27291,0.18038,0.00761,5.01285,1.47737,3.87245e-05,3.87245e-05,3.87245e-05
5,230.448,0.01057,5.05872,1.65857,0.16259,0.33333,0.30845,0.22786,0.00677,4.9644,1.37139,4.77987e-05,4.77987e-05,4.77987e-05
6,276.596,0.00896,4.83604,1.49906,0.16497,0.33333,0.28476,0.22786,0.00578,4.84455,1.2382,5.64476e-05,5.64476e-05,5.64476e-05
7,321.853,0.00935,4.74662,1.4346,0.02321,0.28571,0.18952,0.15636,0.00504,4.76462,1.12915,6.46713e-05,6.46713e-05,6.46713e-05
8,367.428,0.00854,4.64262,1.34641,0.02078,0.28571,0.18952,0.17057,0.00449,4.61951,1.02554,7.24696e-05,7.24696e-05,7.24696e-05
9,412.912,0.00767,4.54152,1.24964,0.03408,0.42857,0.20374,0.17863,0.00428,4.48181,0.97805,7.98426e-05,7.98426e-05,7.98426e-05
